{
  "timestamp": "2026-04-02T22:53:02.014Z",
  "datasets": {
    "sparc": {
      "nGalaxies": 175,
      "nPoints": 3391
    },
    "littleThings": {
      "nGalaxies": 22,
      "nPoints": 732
    },
    "combined": {
      "nGalaxies": 197,
      "nPoints": 4123
    }
  },
  "test1_standardRAR": {
    "sparc": {
      "rms": 0.308887303129272,
      "mad": 0.2188049162652721,
      "mean": 0.4301786620095151,
      "n": 3391
    },
    "littleThings": {
      "rms": 0.3957550116932565,
      "mad": 0.27678750540316266,
      "mean": 0.6353244940636141,
      "n": 732
    },
    "combined": {
      "rms": 0.33529683532144916,
      "mad": 0.24007335234831828,
      "mean": 0.4666003814040336,
      "n": 4123
    }
  },
  "test2_deltaVsSigma": {
    "sparc": {
      "slope": -0.25126358308160524,
      "se": 0.006714409142614747,
      "r": -0.5407324721336957,
      "r2": 0.292391606419818,
      "n": 3391
    },
    "littleThings": {
      "slope": -0.0026224780603564955,
      "se": 0.020525067572329626,
      "r": -0.004728909273241342,
      "r2": 0.000022362582914547957,
      "n": 732
    },
    "combined": {
      "slope": -0.2172425114800207,
      "se": 0.006717050671235595,
      "r": -0.4499320073273616,
      "r2": 0.20243881121762897,
      "n": 4123
    },
    "signConsistent": true
  },
  "test3_bivariateModels": {
    "sparc": {
      "modelA": {
        "r2": 0.8733925940499174,
        "adjR2": 0.8733178553214935,
        "rmse": 0.20116002058398813,
        "aic": -10871.985262216796,
        "bic": -10859.727501932544
      },
      "modelB": {
        "r2": 0.8735368948431111,
        "adjR2": 0.8734248814638756,
        "rmse": 0.20104535183271768,
        "aic": -10873.852358707894,
        "bic": -10855.465718281517,
        "sigmaCoeff": 0.014994981206616699
      },
      "fStatAB": 3.8658791964180006,
      "deltaAIC": 1.867096491097982,
      "deltaBIC": -4.2617836510271445
    },
    "littleThings": {
      "modelA": {
        "r2": 0.2049899459169554,
        "adjR2": 0.20280884837488933,
        "rmse": 0.347326569708476,
        "aic": -1544.1650943348923,
        "bic": -1534.9735333069696
      },
      "modelB": {
        "r2": 0.2139270163167487,
        "adjR2": 0.21068770457080133,
        "rmse": 0.34536882403619446,
        "aic": -1550.4404411079074,
        "bic": -1536.6530995660235,
        "sigmaCoeff": 0.052316809648657404
      },
      "fStatAB": 8.288192644558078,
      "deltaAIC": 6.275346773015144,
      "deltaBIC": 1.6795662590538996
    },
    "combined": {
      "modelA": {
        "r2": 0.8434925707101929,
        "adjR2": 0.8434165962299551,
        "rmse": 0.238471888653199
      },
      "modelB": {
        "r2": 0.8441304639117633,
        "adjR2": 0.844016939122187,
        "rmse": 0.2379854104194453,
        "sigmaCoeff": 0.029777925341133164
      },
      "fStatAB": 16.861024010375797,
      "deltaAIC": 14.838868529654064
    }
  },
  "test4_crossValidation": {
    "sparcToLT": {
      "rmseA": 0.3659228777321958,
      "rmseB": 0.3649868844499839,
      "improvement": 0.2557897686017065,
      "sigmaCoeff": 0.014994981206616699
    },
    "ltToSPARC": {
      "rmseA": 0.3932706573595849,
      "rmseB": 0.3816209898791695,
      "improvement": 2.9622518899912724,
      "sigmaCoeff": 0.052316809648657404
    },
    "signConsistent": true,
    "bothImprove": true
  },
  "test5_collapse": {
    "baseline": {
      "rms": 0.33529683532144916,
      "meanGap": 0.20514583205409903
    },
    "best": {
      "coeff": -0.2149999999999999,
      "rms": 0.2994451844710605,
      "meanGap": 0.11033867837485278
    },
    "scatterReduction": 10.692510955559028,
    "meanGapReduction": 46.21451614685725
  },
  "test6_stability": {
    "results": [
      {
        "label": "Υ=0.3, full range",
        "slope": -0.2469147277475099,
        "se": 0.0068821907716543,
        "sig": 35.877344284683055,
        "n": 3391,
        "sign": "NEG"
      },
      {
        "label": "Υ=0.5, full range (baseline)",
        "slope": -0.25126358308160524,
        "se": 0.006714409142614747,
        "sig": 37.42154785994429,
        "n": 3391,
        "sign": "NEG"
      },
      {
        "label": "Υ=0.7, full range",
        "slope": -0.2543714595853382,
        "se": 0.006796922195273301,
        "sig": 37.42450660421456,
        "n": 3391,
        "sign": "NEG"
      },
      {
        "label": "Υ=0.5, inner 20-80%",
        "slope": -0.22064829275319625,
        "se": 0.007768939307089934,
        "sig": 28.4013407791502,
        "n": 1767,
        "sign": "NEG"
      },
      {
        "label": "Υ=0.5, outer 40-100%",
        "slope": -0.1477472447373955,
        "se": 0.008088829101011824,
        "sig": 18.265591087703154,
        "n": 1678,
        "sign": "NEG"
      },
      {
        "label": "Υ=0.5, inner 0-50%",
        "slope": -0.30324933799901216,
        "se": 0.008322642767222272,
        "sig": 36.43666398770871,
        "n": 2015,
        "sign": "NEG"
      },
      {
        "label": "Υ=0.3, inner 20-80%",
        "slope": -0.20034809803054346,
        "se": 0.00770433152513462,
        "sig": 26.00460499096224,
        "n": 1767,
        "sign": "NEG"
      },
      {
        "label": "Υ=0.7, inner 20-80%",
        "slope": -0.23384710547212711,
        "se": 0.008024158125901,
        "sig": 29.14288350291818,
        "n": 1767,
        "sign": "NEG"
      }
    ],
    "allSameSign": true,
    "signDirection": "negative",
    "meanSignificance": 31.121810387160544
  },
  "test7_bivariateFormula": {
    "bestGamma": -0.2149999999999999,
    "sigmaRef": 31622776.60168379,
    "baseRMS": 0.33529683532144916,
    "correctedRMS": 0.29944518447106033,
    "scatterReduction": 10.692510955559078,
    "formula": "g_obs = RAR(g_bar) * (Sigma_bar / 3.2e+7)^-0.215",
    "perDataset": {
      "sparc": {
        "baseRMS": 0.308887303129272,
        "correctedRMS": 0.2609501460504728
      },
      "littleThings": {
        "baseRMS": 0.3957550116932565,
        "correctedRMS": 0.4237793139045336
      }
    }
  },
  "test8_galaxyLevel": {
    "sparc": {
      "slope": -0.23859480169540545,
      "se": 0.02363955112957947,
      "sig": 10.093034355329143,
      "r": -0.6087775096851676,
      "n": 175
    },
    "littleThings": {
      "slope": -0.20786500124220028,
      "se": 0.19626420275092757,
      "sig": 1.0591080713073024,
      "r": -0.23044948449294644,
      "n": 22
    },
    "combined": {
      "slope": -0.24193649592574232,
      "se": 0.026757399169144082,
      "sig": 9.041853970797618,
      "r": -0.5435126470086165,
      "n": 197
    }
  },
  "verdict": {
    "sigmaImprovesRAR_SPARC": false,
    "sigmaImprovesRAR_LT": true,
    "crossValidated": true,
    "signConsistent": true,
    "definitionStable": true,
    "isTreasure": false
  }
}