{
  "metrics": [
    {
      "name": "V_DM",
      "observed": {
        "slope": 0.331991,
        "r": 0.7533,
        "n": 167,
        "bootMean": 0.332482,
        "bootSD": 0.025486,
        "ci95": [
          0.282909,
          0.383182
        ]
      },
      "noFeedback": {
        "slope": 0.431025,
        "r": 0.9419,
        "n": 15000,
        "bootMean": 0.431029,
        "bootSD": 0.001138,
        "ci95": [
          0.428875,
          0.433295
        ]
      },
      "withFeedback": {
        "slope": 0.023991,
        "r": 0.0798,
        "n": 15000,
        "bootMean": 0.024028,
        "bootSD": 0.002373,
        "ci95": [
          0.019497,
          0.028753
        ]
      },
      "excessNoFeedback": {
        "delta": -0.098546,
        "se": 0.025511,
        "sigma": 3.86
      },
      "excessWithFeedback": {
        "delta": 0.308454,
        "se": 0.025596,
        "sigma": 12.05
      },
      "feedbackExplainsPercent": -212,
      "feedbackFullyExplains": false
    },
    {
      "name": "r_DMdom",
      "observed": {
        "slope": 0.147399,
        "r": 0.4144,
        "n": 158,
        "bootMean": 0.146699,
        "bootSD": 0.028511,
        "ci95": [
          0.092348,
          0.205201
        ]
      },
      "noFeedback": {
        "slope": 0,
        "r": 0,
        "n": 15000,
        "bootMean": 0,
        "bootSD": 0,
        "ci95": [
          0,
          0
        ]
      },
      "withFeedback": {
        "slope": 0.232824,
        "r": 0.7197,
        "n": 13754,
        "bootMean": 0.232859,
        "bootSD": 0.002697,
        "ci95": [
          0.227546,
          0.238219
        ]
      },
      "excessNoFeedback": {
        "delta": 0.146699,
        "se": 0.028511,
        "sigma": 5.15
      },
      "excessWithFeedback": {
        "delta": -0.086159,
        "se": 0.028639,
        "sigma": 3.01
      },
      "feedbackExplainsPercent": 41.5,
      "feedbackFullyExplains": false
    },
    {
      "name": "alpha",
      "observed": {
        "slope": -0.156742,
        "r": -0.1921,
        "n": 112,
        "bootMean": -0.157018,
        "bootSD": 0.080895,
        "ci95": [
          -0.311328,
          0.007874
        ]
      },
      "noFeedback": {
        "slope": 0.065924,
        "r": 0.7949,
        "n": 15000,
        "bootMean": 0.06592,
        "bootSD": 0.000382,
        "ci95": [
          0.065175,
          0.066674
        ]
      },
      "withFeedback": {
        "slope": 0.011086,
        "r": 0.0945,
        "n": 15000,
        "bootMean": 0.011087,
        "bootSD": 0.000668,
        "ci95": [
          0.009809,
          0.012386
        ]
      },
      "excessNoFeedback": {
        "delta": -0.222937,
        "se": 0.080896,
        "sigma": 2.76
      },
      "excessWithFeedback": {
        "delta": -0.168104,
        "se": 0.080897,
        "sigma": 2.08
      },
      "feedbackExplainsPercent": 24.6,
      "feedbackFullyExplains": false
    }
  ],
  "feedbackModel": {
    "description": "ΛCDM + baryonic feedback following Di Cintio et al. (2014) and Blumenthal et al. (1986)",
    "components": [
      {
        "name": "Supernova-driven core formation",
        "reference": "Di Cintio et al. (2014), MNRAS 437, 415",
        "description": "Inner DM profile slope α depends on M_star/M_halo ratio. Maximum core formation at M_star/M_halo ~ 10^-2.7. Transforms NFW cusps into shallow cores for dwarf galaxies.",
        "effect": "Creates baryon-dependent DM profile → direct coupling between Σ_bar and inner halo structure"
      },
      {
        "name": "Adiabatic contraction",
        "reference": "Blumenthal et al. (1986), ApJ 301, 27",
        "description": "Baryonic infall deepens DM potential in massive galaxies. Halo contracts when baryons condense at center.",
        "effect": "Higher Σ_bar → more contraction → steeper DM profile in massive systems"
      },
      {
        "name": "Abundance matching (SMHM relation)",
        "reference": "Behroozi et al. (2013), ApJ 770, 57",
        "description": "Star formation efficiency peaks at M_halo ~ 10^12 M☉, creating non-linear M_star-M_halo relation.",
        "effect": "Creates mass-dependent baryon fractions that can produce apparent coupling"
      }
    ],
    "nGalaxies": 15000,
    "nRealizations": 50,
    "perRealization": 300
  },
  "summary": {
    "maxSigmaWithoutFeedback": 5.2,
    "maxSigmaWithFeedback": 3,
    "maxSigmaWithFeedbackRaw": 12.1,
    "averageReductionPercent": 33,
    "anyMetricFullyExplained": false,
    "allMetricsFullyExplained": false,
    "inflatedMetrics": [
      "V_DM"
    ],
    "reliableMetrics": [
      "r_DMdom",
      "alpha"
    ],
    "verdict": "Feedback reduces but does not fully explain the coupling. r_DMdom (3.0σ), alpha (2.1σ) survive. V_DM inflated by model mismatch.",
    "honestAssessment": "Among reliable metrics (excluding inflated): peak significance 5.2σ → 3.0σ. Feedback explains ~33% of the tension. Remaining excess is still significant (>3σ).",
    "updatedClaim": "3.0σ significant excess persists in r_DMdom, alpha"
  }
}