{
  "phase": "69",
  "title": "Death Match: M0 vs M3 vs M5 vs M6",
  "models": {
    "M0": {
      "k": 0,
      "looGap": -2.2727272727272485,
      "aic": -120.99213013553478,
      "bic": -119.18546764576446
    },
    "M3": {
      "k": 3,
      "vars": [
        "logMHI",
        "logMhost",
        "logMR"
      ],
      "looGap": 44.06099071618016,
      "aic": -148.25537796182687,
      "bic": -141.0287280027456,
      "boot632": 44.28065159257337,
      "kfold5": 42.402342520142895,
      "kfold10": 43.637975921022836
    },
    "M5": {
      "k": 5,
      "vars": [
        "logMHI",
        "logMhost",
        "logΣ₀",
        "logMR",
        "Υ★⊥"
      ],
      "looGap": 46.598694039482815,
      "aic": -150.92598043375202,
      "bic": -140.0860054951301,
      "boot632": 46.738608289074115,
      "kfold5": 43.948854754398454,
      "kfold10": 45.895948130376446
    },
    "M6": {
      "k": 6,
      "vars": [
        "logMHI",
        "rcWig",
        "logMhost",
        "logΣ₀",
        "logMR",
        "Υ★⊥"
      ],
      "looGap": 45.72127868374556,
      "aic": -151.0912349092199,
      "bic": -138.44459748082767,
      "boot632": 45.92988978743998,
      "kfold5": 43.17098004638601,
      "kfold10": 44.88161105416062
    }
  },
  "rcWiggliness": {
    "Ftest": 1.8731404624829149,
    "significant": false,
    "m6StabFlipPct": 11.899999999999999,
    "perGalaxyLOO": {
      "m5wins": 21,
      "m6wins": 24
    }
  },
  "coeffStability": {
    "m3": [
      {
        "name": "logMHI",
        "refBeta": -0.1980011110647409,
        "meanBeta": -0.2012263479469862,
        "sdBeta": 0.06038566296751939,
        "signFlipPct": 0,
        "tStat": -3.7553380808790746
      },
      {
        "name": "logMhost",
        "refBeta": -0.15519952663456305,
        "meanBeta": -0.1558240926886087,
        "sdBeta": 0.04146431378025046,
        "signFlipPct": 0,
        "tStat": -3.2358798434588505
      },
      {
        "name": "logMR",
        "refBeta": 0.4591073109170461,
        "meanBeta": 0.4553552819022049,
        "sdBeta": 0.11752096639183716,
        "signFlipPct": 0,
        "tStat": 3.5721998422174117
      }
    ],
    "m5": [
      {
        "name": "logMHI",
        "refBeta": -0.23507325818481523,
        "meanBeta": -0.24043050007248984,
        "sdBeta": 0.05132756278465427,
        "signFlipPct": 0,
        "tStat": -4.438346877070575
      },
      {
        "name": "logMhost",
        "refBeta": -0.1749204134720283,
        "meanBeta": -0.17623694624938674,
        "sdBeta": 0.045521457050978924,
        "signFlipPct": 0,
        "tStat": -3.629595404308388
      },
      {
        "name": "logΣ₀",
        "refBeta": 0.14625529563271691,
        "meanBeta": 0.1375846702718608,
        "sdBeta": 0.07421895721123045,
        "signFlipPct": 3.9,
        "tStat": 2.2108299083718954
      },
      {
        "name": "logMR",
        "refBeta": 0.4465326658410266,
        "meanBeta": 0.4436662906128586,
        "sdBeta": 0.11497518636925268,
        "signFlipPct": 0.1,
        "tStat": 3.6067590515006698
      },
      {
        "name": "Υ★⊥",
        "refBeta": 0.37212049170528044,
        "meanBeta": 0.3113385270881694,
        "sdBeta": 0.35385405308169743,
        "signFlipPct": 16.900000000000002,
        "tStat": 1.0063887668297138
      }
    ],
    "m6": [
      {
        "name": "logMHI",
        "refBeta": -0.24303452466829328,
        "meanBeta": -0.24595822507127518,
        "sdBeta": 0.051761255446143205,
        "signFlipPct": 0,
        "tStat": -4.611395240965949
      },
      {
        "name": "rcWig",
        "refBeta": 1.5016704599889494,
        "meanBeta": 1.5144189888778923,
        "sdBeta": 1.3714341301591562,
        "signFlipPct": 11.899999999999999,
        "tStat": 1.3686272182313688
      },
      {
        "name": "logMhost",
        "refBeta": -0.14758176425074107,
        "meanBeta": -0.14885359960625166,
        "sdBeta": 0.04647336185216622,
        "signFlipPct": 0,
        "tStat": -2.8557507032431753
      },
      {
        "name": "logΣ₀",
        "refBeta": 0.17182793349163902,
        "meanBeta": 0.16102174373215833,
        "sdBeta": 0.07796839872935438,
        "signFlipPct": 2.5,
        "tStat": 2.52533996219154
      },
      {
        "name": "logMR",
        "refBeta": 0.43445191362449537,
        "meanBeta": 0.43068311323126685,
        "sdBeta": 0.12327747412116385,
        "signFlipPct": 0.1,
        "tStat": 3.539059904086496
      },
      {
        "name": "Υ★⊥",
        "refBeta": 0.4574536444633979,
        "meanBeta": 0.40598851513953893,
        "sdBeta": 0.3290997064168755,
        "signFlipPct": 12.1,
        "tStat": 1.2331466835804537
      }
    ]
  },
  "verdict": {
    "bestPredictive": "M5",
    "bestCompressed": "M3",
    "dropRcWig": "DROP",
    "m3retention": 94.55413209401861
  }
}