{
  "phase": "63",
  "title": "Independent Replication Protocol",
  "n": 45,
  "sdY": 0.25785888635594334,
  "methods": {
    "ols": {
      "beta": [
        4.600464553833738,
        -0.24303498601309886,
        1.2790465905382324,
        -0.15029812280333774,
        0.16796493116186095,
        0.4456242303492805,
        0.658987722476092
      ],
      "se": [
        0.6290475083725522,
        0.050885736139972826,
        1.0443235909778108,
        0.04886616607382953,
        0.06573576926314424,
        0.11716431445747001,
        0.31442482536883287
      ],
      "tStats": [
        7.313381728092183,
        -4.776092564418754,
        1.2247607940568002,
        -3.0757093277229806,
        2.555152743242225,
        3.803412604023212,
        2.0958514382669153
      ],
      "r2adj": 0.5764494917103684,
      "looGap": 49.67979849340603,
      "residSD": 0.15595531003391264
    },
    "robust": {
      "beta": [
        4.616318075631633,
        -0.24306205356086005,
        1.1828031416954314,
        -0.14985875545068375,
        0.1618739133303761,
        0.4483466664238977,
        0.6556803273641058
      ],
      "r2adj": 0.5762748398622126,
      "looGap": 47.648170862764324,
      "residSD": 0.15598656045895343,
      "downweighted": 8
    },
    "bootstrap": {
      "meanBeta": [
        4.590322699344448,
        -0.24723891661022362,
        1.3494187171882726,
        -0.14610318230453492,
        0.15652897217023545,
        0.4378927589549427,
        0.6595312991802474
      ],
      "sdBeta": [
        0.6109400932320165,
        0.04967987275193001,
        1.2654774025940418,
        0.04517398162766727,
        0.07898022056293036,
        0.11730750936559754,
        0.24787731973033225
      ],
      "ci95": [
        [
          3.408063850757718,
          5.924072132429192
        ],
        [
          -0.35234597636625514,
          -0.15394500183632362
        ],
        [
          -0.8766648300176176,
          4.063184882889893
        ],
        [
          -0.2359765356796668,
          -0.055630665459216286
        ],
        [
          -0.010210357181599992,
          0.2991344707008146
        ],
        [
          0.18280733611312308,
          0.6566149484650867
        ],
        [
          0.11348277942381889,
          1.1333395720316348
        ]
      ],
      "residSD": 0.15611488279396818
    }
  },
  "stability": {
    "jackknife": [
      {
        "name": "intercept",
        "flips": 0
      },
      {
        "name": "logMHI",
        "flips": 0
      },
      {
        "name": "rcWig",
        "flips": 0
      },
      {
        "name": "logMhost",
        "flips": 0
      },
      {
        "name": "logΣ₀",
        "flips": 0
      },
      {
        "name": "logMeanRun",
        "flips": 0
      },
      {
        "name": "Υ★⊥",
        "flips": 0
      }
    ],
    "bootstrapSignFlips": [
      {
        "name": "intercept",
        "flips": 0,
        "total": 1000
      },
      {
        "name": "logMHI",
        "flips": 0,
        "total": 1000
      },
      {
        "name": "rcWig",
        "flips": 137,
        "total": 1000
      },
      {
        "name": "logMhost",
        "flips": 1,
        "total": 1000
      },
      {
        "name": "logΣ₀",
        "flips": 33,
        "total": 1000
      },
      {
        "name": "logMeanRun",
        "flips": 0,
        "total": 1000
      },
      {
        "name": "Υ★⊥",
        "flips": 10,
        "total": 1000
      }
    ],
    "splitMeanGap": 37.863320474627415,
    "splitSDGap": 21.569619697170264
  },
  "blindPrediction": {
    "rmsOLSvsOrig": 0.0001182146101843213,
    "rmsRobvsOrig": 0.003126693674581104,
    "rmsBootvsOrig": 0.007087372008480032,
    "spearmanOLS": 0.7303030303030303,
    "spearmanRob": 0.7264822134387352,
    "spearmanBoot": 0.7281949934123847
  },
  "criteria": {
    "crit1": true,
    "crit2": true,
    "crit3": true,
    "crit4": true,
    "nPass": 4
  },
  "verdict": "CONFIRMED"
}