{
  "phase": "65",
  "title": "Processing / Infall Proxy Hunt",
  "residualSource": "B″ on N=45",
  "candidates": [
    {
      "name": "logRPsusc",
      "desc": "log(MHI/(Vflat²·Rd)) — RP susceptibility",
      "n": 45,
      "rawR": -0.1506335843887335,
      "rawT": -0.9991713504136339,
      "mhostCtrlR": -0.1516418837465325,
      "mhostCtrlT": -1.0060164063792854,
      "perpR": -0.18068503448170112,
      "perpT": -1.204658467569229,
      "looBase": 45.72127868374556,
      "looAug": 44.101729827196344,
      "looDelta": -1.6195488565492155,
      "tInModel": -1.1174563606170476,
      "permP": 0.2694,
      "bootCI": [
        -0.23686695098270355,
        0.09295182143625871
      ],
      "exclZero": false,
      "jackFlips": 0,
      "robustness": 1,
      "verdict": "FAIL"
    },
    {
      "name": "HI_deficiency",
      "desc": "HI deficiency (obs-expected)",
      "n": 45,
      "rawR": 0.009100949611664088,
      "rawT": 0.059681389266123194,
      "mhostCtrlR": 0.009184648879829024,
      "mhostCtrlT": 0.06023031089786577,
      "perpR": 0.016140973758108617,
      "perpT": 0.1058572335866913,
      "looBase": 45.72127868374556,
      "looAug": 42.244175332910636,
      "looDelta": -3.4771033508349234,
      "tInModel": 0.0981945025689339,
      "permP": 0.9254,
      "bootCI": [
        -0.3157840732492355,
        0.29154611946088094
      ],
      "exclZero": false,
      "jackFlips": 6,
      "robustness": 0,
      "verdict": "FAIL"
    },
    {
      "name": "logRHI/Rd",
      "desc": "log(RHI/Rdisk) — gas truncation",
      "n": 44,
      "rawR": -0.00045582855162647066,
      "rawT": -0.002954106952923674,
      "perpR": -0.0048838514383418895,
      "perpT": -0.03165135225779508,
      "verdict": "FAIL"
    },
    {
      "name": "procScore",
      "desc": "HI_def - log(RHI/Rd) — processing composite",
      "n": 44,
      "rawR": 0.015361609440959718,
      "rawT": 0.09956635597699343,
      "perpR": 0.014536949453614029,
      "perpT": 0.09422015591900909,
      "verdict": "FAIL"
    }
  ],
  "verdict": "NO_PROCESSING_SIGNAL",
  "conclusion": "No available processing proxy explains B″ residual structure"
}