{
  "phase": "59a",
  "title": "Upsilon robustness / missingness audit",
  "nPub": 33,
  "nEst": 12,
  "test1_bias": {
    "distance": {
      "diff": -9.276060606060614,
      "t": -1.7697965085920715,
      "na": 33,
      "nb": 12,
      "ma": 15.47393939393939,
      "mb": 24.750000000000004
    },
    "logMHI": {
      "diff": 0.10119696969696967,
      "t": 0.5247206220267181,
      "na": 33,
      "nb": 12,
      "ma": 0.581030303030303,
      "mb": 0.47983333333333333
    },
    "logSigma0": {
      "diff": 0.10668939393939292,
      "t": 0.5594846603667479,
      "na": 33,
      "nb": 12,
      "ma": 2.9792727272727264,
      "mb": 2.8725833333333335
    },
    "morphT": {
      "diff": 1.2045454545454546,
      "t": 1.3188777645651315,
      "na": 33,
      "nb": 12,
      "ma": 4.787878787878788,
      "mb": 3.5833333333333335
    },
    "logMeanRun": {
      "diff": -0.08247727272727257,
      "t": -1.081884573359146,
      "na": 33,
      "nb": 12,
      "ma": 0.7589393939393939,
      "mb": 0.8414166666666665
    },
    "rcWiggliness": {
      "diff": -0.014934090909090897,
      "t": -1.3343834323897157,
      "na": 33,
      "nb": 12,
      "ma": 0.04492424242424244,
      "mb": 0.05985833333333334
    },
    "logMhost": {
      "diff": 0.16027490885547202,
      "t": 0.8812112856809755,
      "na": 33,
      "nb": 12,
      "ma": 11.968972822537832,
      "mb": 11.80869791368236
    },
    "delta_a0": {
      "diff": -0.1309931818181818,
      "t": -1.583446692311399,
      "na": 33,
      "nb": 12,
      "ma": -0.018818181818181925,
      "mb": 0.11217499999999987
    },
    "logUpsilon": {
      "diff": 0.007874770478365212,
      "t": 0.16195452589264672,
      "na": 33,
      "nb": 12,
      "ma": -0.3345195071812279,
      "mb": -0.3423942776595931
    }
  },
  "test2_sameSample": {
    "Bp_LOO": 48.540980267958446,
    "BpU_LOO": 54.865494082501655,
    "delta": 6.324513814543209,
    "tStat": 2.0670758831266554,
    "perm": 0.0526,
    "bootstrap": {
      "lo": 0.04801719901754179,
      "hi": 1.0143294323976935
    },
    "partial_r": 0.27143804337480787,
    "partial_t": 1.5702569238007074
  },
  "test3_residualized": {
    "confoundR2_N33": 0.6656474427842336,
    "confoundR2_N45": 0.6801941484598881,
    "r_afterBp_N33": 0.38826217623972276,
    "t_afterBp_N33": 2.345781294510844,
    "r_afterBp_N45": 0.3181452198452821,
    "t_afterBp_N45": 2.200554129423356
  },
  "test4_replacement": {
    "replSigma0": {
      "LOO": 56.83425850076902,
      "tStat": 2.635866013776607
    },
    "replMHI": {
      "LOO": 5.599852551107198,
      "tStat": 0.4285482679922354
    },
    "Bp_ref_LOO": 48.540980267958446
  },
  "verdict": "PARTIAL-CONFIRMED",
  "bugfix": "Phase 59 JSON was corrupted by in-place sort(); now fixed. Original Phase 59 N=45 regressions were correct."
}