{
  "phase": "68",
  "title": "State-Axis Compression",
  "baseline": {
    "model": "B″",
    "k": 6,
    "looGap": 45.72127868374556,
    "tau": 0.1615225323880254
  },
  "physicalAxes": {
    "baryonic": {
      "vars": [
        "logMHI",
        "logΣ₀",
        "Υ★⊥"
      ],
      "pcaVarExplained": 0.45379349834030264,
      "pcaLoadings": [
        0.707106781186548,
        0.707106781186547,
        2.323307518998042e-14
      ]
    },
    "dynamical": {
      "vars": [
        "rcWig",
        "logMeanRun"
      ],
      "pcaVarExplained": 0.570444933837179,
      "pcaLoadings": [
        0.7071067811865474,
        0.7071067811865477
      ]
    },
    "environmental": {
      "vars": [
        "logMhost"
      ]
    }
  },
  "compressed": {
    "c3a": {
      "vars": [
        "logMHI",
        "logMR",
        "logMhost"
      ],
      "looGap": 44.0609907161801,
      "tau": 0.17818473348106065
    },
    "c3b_pca": {
      "vars": [
        "baryPC1",
        "dynPC1",
        "logMhost"
      ],
      "looGap": 21.60434218025258,
      "tau": 0.20684011673693542
    },
    "best3": {
      "vars": [
        "logMHI",
        "logMhost",
        "logMR"
      ],
      "looGap": 44.06099071618016
    }
  },
  "retention": 96.36867555903319,
  "compressionWorks": true
}