{
  "phase": 57,
  "program": "New Program",
  "variable": "HI deficiency",
  "definition": "DEF = log(MHI_expected) - log(MHI_observed)",
  "scaling": {
    "a": 3.9645458492658046,
    "b": 0.5377974968248164,
    "rms": 0.34630734192719287,
    "n": 56
  },
  "nGalaxies": 56,
  "raw": {
    "r": 0.21639294448608148,
    "t": 1.6287478720304787,
    "p": -1.6474259094088288e+28
  },
  "afterLogMHI": {
    "r": -0.015025234925081522,
    "t": -0.11042494183885401,
    "p": -3.614443097882882e+31
  },
  "afterBaselineA": {
    "r": 0.015738534392613315,
    "t": 0.11566846219442911,
    "p": -3.767898566674179e+31,
    "coeff": 0.02559358299131693,
    "tStat": 0.18658750442395663,
    "pVal": -7.965026782991077e+29
  },
  "afterBaselineB": {
    "r": 0.07165940428489184,
    "t": 0.5279441871955951,
    "p": -5.876788862869318e+31,
    "coeff": 0.11451417029698646,
    "tStat": 0.8709405777516732,
    "pVal": -5.3571951244392095e+28
  },
  "loo": {
    "A": {
      "rms": 0.2200234229654088,
      "gapClosed": 16.567641556685935
    },
    "A_hiDef": {
      "rms": 0.22464331796792641,
      "gapClosed": 14.815788364759532
    },
    "B": {
      "rms": 0.20942007430236365,
      "gapClosed": 20.588406139071793
    },
    "B_hiDef": {
      "rms": 0.21221563609960734,
      "gapClosed": 19.52833575758909
    }
  },
  "permutation": {
    "pA": 0.8494,
    "pB": 0.3936
  },
  "bootstrap": {
    "A": {
      "lo": -0.2872035935319881,
      "hi": 0.2746892245903129,
      "median": 0.02367601903143212,
      "n": 2000
    },
    "B": {
      "lo": -0.2022121997611052,
      "hi": 0.34323925906109554,
      "median": 0.11542312880521718,
      "n": 2000
    }
  },
  "jackknife": {
    "flipsA": 5,
    "flipsB": 0
  },
  "extraControls": {
    "afterLogMHI": {
      "r": -0.015025234925081522,
      "p": -3.614443097882882e+31
    },
    "afterEnvCode": {
      "r": 0.321663398933008,
      "p": -6.4873204859551785e+22
    },
    "afterSigma0": {
      "r": 0.21148872072658734,
      "p": -2.5835792928573742e+28
    },
    "afterMHI_env": {
      "r": 0.07827953942928012,
      "p": -5.161969944992157e+31
    }
  },
  "verdict": "FAIL"
}