{
  "phase": "64",
  "title": "Error-Floor Audit",
  "n": 45,
  "residualSource": "B″",
  "observed": {
    "residSD": 0.1615225323880254,
    "skewness": 0.0810962269492729,
    "kurtosis": -0.7944093720086611,
    "runsZ": 1.3936485718390608
  },
  "measurementFloor": {
    "meanSigma": 0.11109050097089475,
    "medianSigma": 0.11027395390111688,
    "expectedResidSD": 0.1153600210258542,
    "components": {
      "distance": 0.07073813766226426,
      "inclination": 0.02451886538399886,
      "massModel": 0.04,
      "rcFitting": 0.06111111111111111
    }
  },
  "intrinsicScatter": {
    "tauInt": 0.11305571200941242,
    "ci95": [
      0.048382120062202126,
      0.15377044827960892
    ],
    "touchesZero": false,
    "measFraction": 51.00871971249865
  },
  "noiseSimulation": {
    "nMocks": 5000,
    "sdInside": false,
    "skInside": true,
    "kuInside": true,
    "rzInside": true,
    "nInside": 3,
    "mockMeans": {
      "sd": 0.10648343835627543,
      "skew": 0.0006738099290178496,
      "kurt": 0.200262197730529,
      "runsZ": -0.0006760880079332403
    }
  },
  "residVsUncertainty": {
    "rAbsSig": -0.07144083432973014,
    "tAbsSig": -0.4696689589682703,
    "rSqSig": -0.03871159525253206,
    "tSqSig": -0.2540393275076447
  },
  "qualitySplit": {
    "lowN": 23,
    "lowSD": 0.15720104817094327,
    "highN": 22,
    "highSD": 0.16962982528592355
  },
  "criteria": {
    "crit1": false,
    "crit2": true,
    "crit3": true,
    "crit4": true,
    "nPass": 3
  },
  "verdict": "PARTIAL"
}