{
  "phase": "63",
  "title": "Independent Replication Protocol",
  "n": 45,
  "sdY": 0.25785888635594334,
  "methods": {
    "ols": {
      "beta": [
        4.5545063836808986,
        -0.24303452466829328,
        1.5016704599889494,
        -0.14758176425074107,
        0.17182793349163902,
        0.43445191362449537,
        0.4574536444633979
      ],
      "se": [
        0.6625193412337751,
        0.052703034975025216,
        1.0972092619416907,
        0.05167879818190631,
        0.06804150572365843,
        0.12275912965554517,
        0.37096450126693503
      ],
      "tStats": [
        6.874525919800741,
        -4.611395240965949,
        1.3686272182313688,
        -2.8557507032431753,
        2.52533996219154,
        3.539059904086496,
        1.2331466835804537
      ],
      "r2adj": 0.5456703247130742,
      "looGap": 45.72127868374556,
      "residSD": 0.1615225323880254
    },
    "robust": {
      "beta": [
        4.538506405676152,
        -0.24547753558173604,
        1.3249577040883278,
        -0.14413350586913096,
        0.16542058204478713,
        0.43589398012758873,
        0.5211256419720911
      ],
      "r2adj": 0.544566608413475,
      "looGap": 44.46540718290583,
      "residSD": 0.1616963682674991,
      "downweighted": 8
    },
    "bootstrap": {
      "meanBeta": [
        4.591713179361248,
        -0.2430644828491159,
        1.617748213580667,
        -0.1477423767386448,
        0.16036647026002138,
        0.42634472288765973,
        0.4137681678427289
      ],
      "sdBeta": [
        0.5807930891966857,
        0.05124206484590031,
        1.3163883802489544,
        0.045126845208008526,
        0.07518949121735083,
        0.12207762091124728,
        0.35217200203531696
      ],
      "ci95": [
        [
          3.4856917575811903,
          5.774927841565296
        ],
        [
          -0.34520933485418215,
          -0.14003798580807603
        ],
        [
          -0.6163987265771645,
          4.578576711522709
        ],
        [
          -0.23978201639778568,
          -0.06357333586683689
        ],
        [
          0.002627087888441412,
          0.29349434347585635
        ],
        [
          0.16903974317941903,
          0.6558281049683216
        ],
        [
          -0.42329800269641094,
          0.9824482292899472
        ]
      ],
      "residSD": 0.1617254701111729
    }
  },
  "stability": {
    "jackknife": [
      {
        "name": "intercept",
        "flips": 0
      },
      {
        "name": "logMHI",
        "flips": 0
      },
      {
        "name": "rcWig",
        "flips": 0
      },
      {
        "name": "logMhost",
        "flips": 0
      },
      {
        "name": "logΣ₀",
        "flips": 0
      },
      {
        "name": "logMeanRun",
        "flips": 0
      },
      {
        "name": "Υ★⊥",
        "flips": 0
      }
    ],
    "bootstrapSignFlips": [
      {
        "name": "intercept",
        "flips": 0,
        "total": 1000
      },
      {
        "name": "logMHI",
        "flips": 0,
        "total": 1000
      },
      {
        "name": "rcWig",
        "flips": 101,
        "total": 1000
      },
      {
        "name": "logMhost",
        "flips": 1,
        "total": 1000
      },
      {
        "name": "logΣ₀",
        "flips": 24,
        "total": 1000
      },
      {
        "name": "logMeanRun",
        "flips": 1,
        "total": 1000
      },
      {
        "name": "Υ★⊥",
        "flips": 121,
        "total": 1000
      }
    ],
    "splitMeanGap": 28.511168343570485,
    "splitSDGap": 26.518222438898405
  },
  "blindPrediction": {
    "rmsOLSvsOrig": 0.016947817715013472,
    "rmsRobvsOrig": 0.012547863067193563,
    "rmsBootvsOrig": 0.022504299193908707,
    "spearmanOLS": 0.6982872200263505,
    "spearmanRob": 0.702635046113307,
    "spearmanBoot": 0.691699604743083
  },
  "criteria": {
    "crit1": true,
    "crit2": true,
    "crit3": false,
    "crit4": true,
    "nPass": 3
  },
  "verdict": "PARTIAL"
}