{
  "phase": "63",
  "title": "Independent Replication Protocol",
  "n": 45,
  "sdY": 0.25785888635594334,
  "methods": {
    "ols": {
      "beta": [
        4.5545063836808986,
        -0.24303452466829328,
        1.5016704599889494,
        -0.14758176425074107,
        0.17182793349163902,
        0.43445191362449537,
        0.4574536444633979
      ],
      "se": [
        0.6625193412337751,
        0.052703034975025216,
        1.0972092619416907,
        0.05167879818190631,
        0.06804150572365843,
        0.12275912965554517,
        0.37096450126693503
      ],
      "tStats": [
        6.874525919800741,
        -4.611395240965949,
        1.3686272182313688,
        -2.8557507032431753,
        2.52533996219154,
        3.539059904086496,
        1.2331466835804537
      ],
      "r2adj": 0.5456703247130742,
      "looGap": 45.72127868374556,
      "residSD": 0.1615225323880254
    },
    "robust": {
      "beta": [
        4.538506405676152,
        -0.24547753558173604,
        1.3249577040883278,
        -0.14413350586913096,
        0.16542058204478713,
        0.43589398012758873,
        0.5211256419720911
      ],
      "r2adj": 0.544566608413475,
      "looGap": 44.46540718290583,
      "residSD": 0.1616963682674991,
      "downweighted": 8
    },
    "bootstrap": {
      "meanBeta": [
        4.584242862450507,
        -0.24434093977203605,
        1.532435095023321,
        -0.14832787612278142,
        0.16452620680920202,
        0.43563855545134095,
        0.41830189479795143
      ],
      "sdBeta": [
        0.5931466685572203,
        0.050443625065428196,
        1.3724371928403774,
        0.04632153590419722,
        0.07489439358452994,
        0.11129652734327429,
        0.332332074294662
      ],
      "ci95": [
        [
          3.4841588013694587,
          5.788681843891098
        ],
        [
          -0.35033796094761493,
          -0.15174728211174815
        ],
        [
          -0.5995621055018683,
          4.928170985409742
        ],
        [
          -0.24693727940121782,
          -0.06318997914088027
        ],
        [
          0.0011379195685342494,
          0.2937606008079035
        ],
        [
          0.20789932238951578,
          0.6442099750142481
        ],
        [
          -0.3362071437585545,
          0.9697795246173434
        ]
      ],
      "residSD": 0.16160133744602476
    }
  },
  "stability": {
    "jackknife": [
      {
        "name": "intercept",
        "flips": 0
      },
      {
        "name": "logMHI",
        "flips": 0
      },
      {
        "name": "rcWig",
        "flips": 0
      },
      {
        "name": "logMhost",
        "flips": 0
      },
      {
        "name": "logΣ₀",
        "flips": 0
      },
      {
        "name": "logMeanRun",
        "flips": 0
      },
      {
        "name": "Υ★⊥",
        "flips": 0
      }
    ],
    "bootstrapSignFlips": [
      {
        "name": "intercept",
        "flips": 0,
        "total": 1000
      },
      {
        "name": "logMHI",
        "flips": 0,
        "total": 1000
      },
      {
        "name": "rcWig",
        "flips": 111,
        "total": 1000
      },
      {
        "name": "logMhost",
        "flips": 0,
        "total": 1000
      },
      {
        "name": "logΣ₀",
        "flips": 25,
        "total": 1000
      },
      {
        "name": "logMeanRun",
        "flips": 1,
        "total": 1000
      },
      {
        "name": "Υ★⊥",
        "flips": 117,
        "total": 1000
      }
    ],
    "splitMeanGap": 31.18625036808689,
    "splitSDGap": 26.59835690769601
  },
  "blindPrediction": {
    "rmsOLSvsOrig": 0.016947817715013472,
    "rmsRobvsOrig": 0.012547863067193563,
    "rmsBootvsOrig": 0.020220844924984435,
    "spearmanOLS": 0.6982872200263505,
    "spearmanRob": 0.702635046113307,
    "spearmanBoot": 0.6986824769433465
  },
  "criteria": {
    "crit1": true,
    "crit2": true,
    "crit3": false,
    "crit4": true,
    "nPass": 3
  },
  "verdict": "PARTIAL"
}