{
  "phase": "416",
  "title": "Falsification of the Dark Quarter",
  "timestamp": "2026-04-06T17:12:55.785Z",
  "N": 55,
  "trueSignal": {
    "rVf": 0.5384341756018414,
    "rA0": 0.5334209229686587
  },
  "systematicTests": {
    "Distance (15% scatter)": {
      "medVf": 0.4747630651387867,
      "medA0": 0.5309524468924288,
      "maxVf": 0.5794200967703378,
      "maxA0": 0.6796119552951174,
      "p95Vf": 0.5418234308581767,
      "p95A0": 0.6162365070940484,
      "bilateral": 1,
      "global": 1,
      "exceed": 0.002
    },
    "Inclination (3 deg scatter)": {
      "medVf": 0.5361479898518334,
      "medA0": 0.5279899005432406,
      "maxVf": 0.5870104332348736,
      "maxA0": 0.5756569423900212,
      "p95Vf": 0.5661847071568415,
      "p95A0": 0.550049824175859,
      "bilateral": 1,
      "global": 1,
      "exceed": 0.102
    },
    "M/L ratio (0.15 dex scatter)": {
      "medVf": 0.5007121546927277,
      "medA0": 0.6045976847115367,
      "maxVf": 0.6150059620918692,
      "maxA0": 0.6995297053619514,
      "p95Vf": 0.5633970059784363,
      "p95A0": 0.6644460420901596,
      "bilateral": 1,
      "global": 0.9,
      "exceed": 0.154
    },
    "Velocity zero-point (5 km/s scatter)": {
      "medVf": 0.5385227753471414,
      "medA0": 0.5244327168270677,
      "maxVf": 0.5953109868863113,
      "maxA0": 0.5630418054562298,
      "p95Vf": 0.5718952635497545,
      "p95A0": 0.544633233833127,
      "bilateral": 1,
      "global": 1,
      "exceed": 0.068
    },
    "Outer-point choice (drop last 20%)": {
      "medVf": 0.582676685263405,
      "medA0": 0.5366646695265999,
      "maxVf": 0.6361796686942338,
      "maxA0": 0.6302566423727488,
      "p95Vf": 0.6187588693470426,
      "p95A0": 0.6071950149561904,
      "bilateral": 1,
      "global": 1,
      "exceed": 0.52
    },
    "Beam/sampling (10% radial scatter)": {
      "medVf": 0.5428920936786024,
      "medA0": 0.5428732763080674,
      "maxVf": 0.5861943823818181,
      "maxA0": 0.5962622887486789,
      "p95Vf": 0.5659186346632811,
      "p95A0": 0.5733257193232603,
      "bilateral": 1,
      "global": 1,
      "exceed": 0.52
    },
    "ALL COMBINED (realistic)": {
      "medVf": 0.43182186918674775,
      "medA0": 0.5810246362215683,
      "maxVf": 0.6019916465457452,
      "maxA0": 0.7116025735151035,
      "p95Vf": 0.5206887329660219,
      "p95A0": 0.6637685769303946,
      "bilateral": 0.984,
      "global": 0.786,
      "exceed": 0.014
    }
  },
  "systematicKilled": false,
  "triaxialityTests": {
    "0.03": {
      "medVf": 0.53650782481719,
      "medA0": 0.5300435985598113,
      "maxVf": 0.5733248408222676,
      "maxA0": 0.555365236387382,
      "bilateralRate": 1
    },
    "0.05": {
      "medVf": 0.531307397397054,
      "medA0": 0.5266020900602013,
      "maxVf": 0.5986597652363645,
      "maxA0": 0.5657625533198416,
      "bilateralRate": 1
    },
    "0.1": {
      "medVf": 0.5134630730121071,
      "medA0": 0.5169119918037528,
      "maxVf": 0.6163404035704604,
      "maxA0": 0.5971666052345732,
      "bilateralRate": 1
    },
    "0.15": {
      "medVf": 0.47536902342694815,
      "medA0": 0.5094906606751098,
      "maxVf": 0.6076012361317688,
      "maxA0": 0.5898941729794198,
      "bilateralRate": 1
    },
    "0.2": {
      "medVf": 0.4325776273442392,
      "medA0": 0.5220561280838961,
      "maxVf": 0.6059728493587947,
      "maxA0": 0.6164465942156346,
      "bilateralRate": 0.9866666666666667
    }
  },
  "disequilibriumTests": {
    "Mild random (3%)": {
      "medVf": 0.535025647118015,
      "medA0": 0.5275497251489413,
      "maxVf": 0.6000295664711547,
      "maxA0": 0.5707308450677214,
      "bilateralRate": 1
    },
    "Moderate random (5%)": {
      "medVf": 0.529278049540307,
      "medA0": 0.5206708372084753,
      "maxVf": 0.6021848036745623,
      "maxA0": 0.5719030204738155,
      "bilateralRate": 1
    },
    "Strong random (10%)": {
      "medVf": 0.48941239556291477,
      "medA0": 0.5061585147898167,
      "maxVf": 0.6478549290554975,
      "maxA0": 0.618144834567034,
      "bilateralRate": 1
    },
    "Mass-dependent (5%+slope)": {
      "medVf": 0.528237772171577,
      "medA0": 0.5210210952003238,
      "maxVf": 0.6030993063572189,
      "maxA0": 0.5796444389525759,
      "bilateralRate": 1
    },
    "Mass-dep strong (10%+slope)": {
      "medVf": 0.48685556864587914,
      "medA0": 0.5116272463471608,
      "maxVf": 0.61387053201218,
      "maxA0": 0.620838780171943,
      "bilateralRate": 1
    }
  },
  "correlatedTriaxTests": {
    "eps=0.05, corr=0.3 (mild)": {
      "medVf": 0.5302472297340636,
      "medA0": 0.5288400392618505,
      "maxVf": 0.5998897919304549,
      "maxA0": 0.5860025723985756,
      "bilateralRate": 1
    },
    "eps=0.10, corr=0.3": {
      "medVf": 0.5049754264893603,
      "medA0": 0.5223900932835827,
      "maxVf": 0.6480060737205094,
      "maxA0": 0.6350925350329925,
      "bilateralRate": 1
    },
    "eps=0.10, corr=0.5": {
      "medVf": 0.4952581340761391,
      "medA0": 0.5267598129070784,
      "maxVf": 0.6448511063633577,
      "maxA0": 0.6346965897899695,
      "bilateralRate": 1
    },
    "eps=0.15, corr=0.5 (strong)": {
      "medVf": 0.44320481813101803,
      "medA0": 0.5382116049764366,
      "maxVf": 0.6913157289519135,
      "maxA0": 0.6529690861303078,
      "bilateralRate": 0.99
    },
    "eps=0.15, corr=0.7 (extreme)": {
      "medVf": 0.4199275872299871,
      "medA0": 0.5535421516177481,
      "maxVf": 0.5676511448912535,
      "maxA0": 0.6684061021872753,
      "bilateralRate": 0.97
    }
  },
  "dataQuality": {
    "rNpts": -0.1642682163393958,
    "rRmaxRd": 0.10360163604036737,
    "rInc": 0,
    "rDist": 0.15315130399081964
  },
  "dataQualityExplains": false
}