{
  "phase": "403",
  "title": "Anatomy of VfResid",
  "timestamp": "2026-04-06T15:35:27.557Z",
  "partA": {
    "internal": {
      "label": "Internal",
      "N": 55,
      "rAll": 0.7175251530815446,
      "sAll": 0.7456709956709957,
      "rLow": 0.7296319017920669,
      "rHigh": 0.7952386372045633,
      "rVHigh": 0.8112181796325939,
      "delta": 0.0656067354124964,
      "strengthens": true,
      "nLow": 10,
      "nHigh": 45,
      "nVHigh": 27
    },
    "external": {
      "label": "External",
      "N": 94,
      "rAll": 0.6912771117085819,
      "sAll": 0.7015641368348806,
      "rLow": 0.6726692241175958,
      "rHigh": 0.8585088132466292,
      "rVHigh": 0.8612945214075044,
      "delta": 0.18583958912903342,
      "strengthens": true,
      "nLow": 73,
      "nHigh": 21,
      "nVHigh": 9
    },
    "pooled": {
      "label": "Pooled",
      "N": 149,
      "rAll": 0.7016277032647211,
      "sAll": 0.7178051877380737,
      "rLow": 0.6772157828475365,
      "rHigh": 0.7909532276129616,
      "rVHigh": 0.8363551256183774,
      "delta": 0.11373744476542513,
      "strengthens": true,
      "nLow": 83,
      "nHigh": 66,
      "nVHigh": 36
    },
    "q1": {
      "label": "Q=1",
      "N": 39,
      "rAll": 0.7315090938396339,
      "sAll": 0.7582995951417004,
      "rLow": 0.6951777704480251,
      "rHigh": 0.7952038822416135,
      "rVHigh": 0.7935422350198584,
      "delta": 0.10002611179358845,
      "strengthens": true,
      "nLow": 7,
      "nHigh": 32,
      "nVHigh": 23
    },
    "modInc": {
      "label": "ModInc",
      "N": 42,
      "rAll": 0.7010266730708259,
      "sAll": 0.7262782594603354,
      "rLow": 0.6808715286106394,
      "rHigh": 0.7841293909506355,
      "rVHigh": 0.752034757260097,
      "delta": 0.10325786233999612,
      "strengthens": true,
      "nLow": 8,
      "nHigh": 34,
      "nVHigh": 19
    }
  },
  "partB": {
    "singlePredictors": [
      {
        "name": "logA0",
        "r": 0.7114009138323247,
        "rho": 0.7497113997113997,
        "R2": 0.5060912602014664,
        "slope": 0.13686199359383988,
        "N": 55
      },
      {
        "name": "envCode",
        "r": -0.36451666280884004,
        "rho": -0.30288600288600287,
        "R2": 0.1328723974652939,
        "slope": -0.02352574602826089,
        "N": 55
      },
      {
        "name": "logMeanRun",
        "r": 0.28900116748151206,
        "rho": 0.22676767676767676,
        "R2": 0.08352167480567718,
        "slope": 0.06769550760023849,
        "N": 55
      },
      {
        "name": "Q",
        "r": -0.15172191066517796,
        "rho": -0.16125541125541126,
        "R2": 0.02301953817589253,
        "slope": -0.014164861284844486,
        "N": 55
      },
      {
        "name": "inc",
        "r": 0.1188723364520478,
        "rho": 0.1336940836940837,
        "R2": 0.014130632373569041,
        "slope": 0.0004850002996429841,
        "N": 55
      },
      {
        "name": "logSBdisk",
        "r": -0.09855665416934056,
        "rho": -0.086002886002886,
        "R2": 0.009713414081055416,
        "slope": -0.008233884661806181,
        "N": 55
      },
      {
        "name": "logMHI",
        "r": -0.0765448796308825,
        "rho": -0.08831168831168831,
        "R2": 0.005859118597706492,
        "slope": -0.00667221984205353,
        "N": 55
      },
      {
        "name": "logReff",
        "r": -0.06667914590149476,
        "rho": -0.023015873015873017,
        "R2": 0.0044461084981527454,
        "slope": -0.009813887695326304,
        "N": 55
      },
      {
        "name": "logMbar",
        "r": 0.035180277204682975,
        "rho": 0.11248196248196249,
        "R2": 0.0012376519041981116,
        "slope": 0.0024997212847858545,
        "N": 55
      },
      {
        "name": "logL36",
        "r": 0.03331528143962415,
        "rho": 0.16284271284271284,
        "R2": 0.001109907977401292,
        "slope": 0.001925723539463246,
        "N": 55
      },
      {
        "name": "morphT",
        "r": -0.026520484607555544,
        "rho": -0.07626262626262627,
        "R2": 0.0007033361038194519,
        "slope": -0.0005554333984045456,
        "N": 55
      },
      {
        "name": "logSigma0",
        "r": 0.01733508648192169,
        "rho": -0.02049062049062049,
        "R2": 0.00030050522333580076,
        "slope": 0.0019270651890600802,
        "N": 55
      },
      {
        "name": "rcWiggliness",
        "r": 0.014386454747213211,
        "rho": -0.0004329004329004329,
        "R2": 0.00020697008019365803,
        "slope": 0.020144246338944564,
        "N": 55
      }
    ],
    "structResidualVsA0": 0.5380218580111709
  },
  "partC": {
    "binned": [
      {
        "bin": "V<80",
        "N": 5,
        "r": 0.43928698493439,
        "rho": 0.3
      },
      {
        "bin": "80-120",
        "N": 5,
        "r": 0.9331962376291204,
        "rho": 0.8
      },
      {
        "bin": "120-160",
        "N": 11,
        "r": 0.7444594561230645,
        "rho": 0.7727272727272727
      },
      {
        "bin": "160-200",
        "N": 14,
        "r": 0.8323731762564042,
        "rho": 0.7670329670329671
      },
      {
        "bin": "200-250",
        "N": 14,
        "r": 0.8746193088016513,
        "rho": 0.810989010989011
      },
      {
        "bin": "V>250",
        "N": 6,
        "r": 0.8256659595792327,
        "rho": 0.7714285714285715
      }
    ],
    "thresholds": [
      {
        "threshold": 0,
        "N": 55,
        "r": 0.7114009138323247,
        "rho": 0.7497113997113997,
        "R2": 0.5060912602014664
      },
      {
        "threshold": 50,
        "N": 55,
        "r": 0.7114009138323247,
        "rho": 0.7497113997113997,
        "R2": 0.5060912602014664
      },
      {
        "threshold": 80,
        "N": 50,
        "r": 0.7570006908355527,
        "rho": 0.7709483793517407,
        "R2": 0.5730500459255043
      },
      {
        "threshold": 100,
        "N": 49,
        "r": 0.7574724106162314,
        "rho": 0.766734693877551,
        "R2": 0.5737644528447645
      },
      {
        "threshold": 120,
        "N": 45,
        "r": 0.803016878252574,
        "rho": 0.7844532279314888,
        "R2": 0.6448361067585091
      },
      {
        "threshold": 140,
        "N": 40,
        "r": 0.786715093126938,
        "rho": 0.7609756097560976,
        "R2": 0.6189206377537266
      },
      {
        "threshold": 160,
        "N": 34,
        "r": 0.8401797570369764,
        "rho": 0.8307104660045836,
        "R2": 0.7059020241347125
      },
      {
        "threshold": 180,
        "N": 27,
        "r": 0.8212926965721968,
        "rho": 0.8131868131868132,
        "R2": 0.6745216934428307
      },
      {
        "threshold": 200,
        "N": 20,
        "r": 0.8120435211595013,
        "rho": 0.7639097744360902,
        "R2": 0.6594146802571212
      },
      {
        "threshold": 220,
        "N": 12,
        "r": 0.830124794788741,
        "rho": 0.8391608391608392,
        "R2": 0.6891071749230493
      },
      {
        "threshold": 250,
        "N": 6,
        "r": 0.8256659595792327,
        "rho": 0.7714285714285715,
        "R2": 0.6817242768078946
      }
    ]
  },
  "partD": {
    "rawR": 0.7114009138323247,
    "partials": [
      {
        "control": "logMHI",
        "partialR": 0.7397360090289458,
        "change": 0.02833509519662103
      },
      {
        "control": "rcWiggliness",
        "partialR": 0.7382783602728638,
        "change": 0.02687744644053902
      },
      {
        "control": "envCode",
        "partialR": 0.6704187971710099,
        "change": -0.040982116661314794
      },
      {
        "control": "logSigma0",
        "partialR": 0.711638281280897,
        "change": 0.00023736744857227876
      },
      {
        "control": "logMeanRun",
        "partialR": 0.6801051328919473,
        "change": -0.03129578094037744
      },
      {
        "control": "logVflat",
        "partialR": 0.7878586032256333,