{
  "phase": "69",
  "title": "Death Match: M0 vs M3 vs M5 vs M6",
  "models": {
    "M0": {
      "k": 0,
      "looGap": -2.2727272727272485,
      "aic": -120.99213013553478,
      "bic": -119.18546764576446
    },
    "M3": {
      "k": 3,
      "vars": [
        "logMHI",
        "logMhost",
        "logMR"
      ],
      "looGap": 44.06099071618016,
      "aic": -148.25537796182687,
      "bic": -141.0287280027456,
      "boot632": 44.28065159257337,
      "kfold5": 42.402342520142895,
      "kfold10": 43.637975921022836
    },
    "M5": {
      "k": 5,
      "vars": [
        "logMHI",
        "logMhost",
        "logΣ₀",
        "logMR",
        "Υ★⊥"
      ],
      "looGap": 51.03790844712086,
      "aic": -154.5058018542425,
      "bic": -143.66582691562058,
      "boot632": 50.82041424193964,
      "kfold5": 48.72684573278056,
      "kfold10": 50.360559222921005
    },
    "M6": {
      "k": 6,
      "vars": [
        "logMHI",
        "rcWig",
        "logMhost",
        "logΣ₀",
        "logMR",
        "Υ★⊥"
      ],
      "looGap": 49.67979849340603,
      "aic": -154.24799933575932,
      "bic": -141.60136190736708,
      "boot632": 49.49457157146179,
      "kfold5": 47.2814194436186,
      "kfold10": 48.71257488017348
    }
  },
  "rcWiggliness": {
    "Ftest": 1.5000390026578845,
    "significant": false,
    "m6StabFlipPct": 14.499999999999998,
    "perGalaxyLOO": {
      "m5wins": 23,
      "m6wins": 22
    }
  },
  "coeffStability": {
    "m3": [
      {
        "name": "logMHI",
        "refBeta": -0.1980011110647409,
        "meanBeta": -0.2012263479469862,
        "sdBeta": 0.06038566296751939,
        "signFlipPct": 0,
        "tStat": -3.7553380808790746
      },
      {
        "name": "logMhost",
        "refBeta": -0.15519952663456305,
        "meanBeta": -0.1558240926886087,
        "sdBeta": 0.04146431378025046,
        "signFlipPct": 0,
        "tStat": -3.2358798434588505
      },
      {
        "name": "logMR",
        "refBeta": 0.4591073109170461,
        "meanBeta": 0.4553552819022049,
        "sdBeta": 0.11752096639183716,
        "signFlipPct": 0,
        "tStat": 3.5721998422174117
      }
    ],
    "m5": [
      {
        "name": "logMHI",
        "refBeta": -0.23598354408671632,
        "meanBeta": -0.2400558780233103,
        "sdBeta": 0.05056961652121046,
        "signFlipPct": 0,
        "tStat": -4.6378527692148115
      },
      {
        "name": "logMhost",
        "refBeta": -0.17184566288063852,
        "meanBeta": -0.17111400933186593,
        "sdBeta": 0.04287072943300964,
        "signFlipPct": 0,
        "tStat": -3.7454992846601414
      },
      {
        "name": "logΣ₀",
        "refBeta": 0.14530702889811173,
        "meanBeta": 0.1355451592329426,
        "sdBeta": 0.07282619184226016,
        "signFlipPct": 3.2,
        "tStat": 2.2889489691383753
      },
      {
        "name": "logMR",
        "refBeta": 0.45226606415952036,
        "meanBeta": 0.4468414076399343,
        "sdBeta": 0.11424218130436031,
        "signFlipPct": 0,
        "tStat": 3.8397052123468947
      },
      {
        "name": "Υ★⊥",
        "refBeta": 0.6581461040059463,
        "meanBeta": 0.6439551946299484,
        "sdBeta": 0.2499182989454526,
        "signFlipPct": 1.9,
        "tStat": 2.0798885536104
      }
    ],
    "m6": [
      {
        "name": "logMHI",
        "refBeta": -0.24303498601309886,
        "meanBeta": -0.2457158916325754,
        "sdBeta": 0.05144261012007843,
        "signFlipPct": 0,
        "tStat": -4.776092564418754
      },
      {
        "name": "rcWig",
        "refBeta": 1.2790465905382324,
        "meanBeta": 1.3182224795116315,
        "sdBeta": 1.2792763251532784,
        "signFlipPct": 14.499999999999998,
        "tStat": 1.2247607940568002
      },
      {
        "name": "logMhost",
        "refBeta": -0.15029812280333774,
        "meanBeta": -0.1487633663064228,
        "sdBeta": 0.04503101400917693,
        "signFlipPct": 0.1,
        "tStat": -3.0757093277229806
      },
      {
        "name": "logΣ₀",
        "refBeta": 0.16796493116186095,
        "meanBeta": 0.15728646422388526,
        "sdBeta": 0.07751647277675536,
        "signFlipPct": 2.7,
        "tStat": 2.555152743242225
      },
      {
        "name": "logMR",
        "refBeta": 0.4456242303492805,
        "meanBeta": 0.438420620260815,
        "sdBeta": 0.12098058674486259,
        "signFlipPct": 0,
        "tStat": 3.803412604023212
      },
      {
        "name": "Υ★⊥",
        "refBeta": 0.658987722476092,
        "meanBeta": 0.6470629688746802,
        "sdBeta": 0.25085379306760935,
        "signFlipPct": 1.7999999999999998,
        "tStat": 2.0958514382669153
      }
    ]
  },
  "verdict": {
    "bestPredictive": "M5",
    "bestCompressed": "M3",
    "dropRcWig": "DROP",
    "m3retention": 86.32993015736662
  }
}