{
  "phase": "74",
  "title": "2D Dynamical-State Program",
  "thingsSample": {
    "n": 7,
    "galaxies": [
      "NGC2403",
      "NGC2841",
      "NGC2903",
      "NGC3198",
      "NGC3521",
      "NGC5055",
      "NGC7331"
    ]
  },
  "individualCorrs": {
    "things_ncm_amp": {
      "pearson": 0.12267255043313914,
      "spearman": 0.3571428571428571,
      "t": 0.2763916928383436
    },
    "things_ncm_frac": {
      "pearson": -0.012575552239575996,
      "spearman": 0.0357142857142857,
      "t": -0.028122013421288384
    },
    "things_c1": {
      "pearson": 0.13670872987586963,
      "spearman": 0.25,
      "t": 0.30858725005255394
    },
    "things_s1": {
      "pearson": 0.07018186642078474,
      "spearman": 0.2142857142857143,
      "t": 0.15731934012625332
    },
    "things_c3": {
      "pearson": 0.2123519408045318,
      "spearman": 0.3214285714285714,
      "t": 0.48591552740728966
    },
    "things_s3": {
      "pearson": 0.13419571579264836,
      "spearman": 0.4285714285714286,
      "t": 0.30280970272917573
    },
    "things_lopsidedness": {
      "pearson": -0.030031047956574713,
      "spearman": 0.0357142857142857,
      "t": -0.06718176590262907
    },
    "things_bisymFlow": {
      "pearson": 0.05037251799121273,
      "spearman": 0.25,
      "t": 0.11277954818676605
    }
  },
  "bestComposite": {
    "name": "c3 alone",
    "r": 0.21235194080453176,
    "rs": 0.3214285714285714
  },
  "meanRunBridge": {
    "vsLopsidedness": -0.8284896655049757,
    "vsBisymFlow": -0.8310794496436414,
    "vsNcmFrac": -0.8206280507699714,
    "strongBridge": true
  },
  "addsOverMR": {
    "r": 0.1588844248260291,
    "rs": 0.1428571428571429
  },
  "rcWigLegacy": {
    "meanAlignMR": 0.3579046227813931,
    "meanAlignWig": 0.2105379199954825,
    "mrBetter": true
  },
  "pairwise": {
    "concordance": 13,
    "total": 21,
    "pct": 61.904761904761905
  },
  "varianceBudget": {
    "residRMS": 0.16360690133791528,
    "r2": 0.045093346763451364
  },
  "verdict": "PARTIAL"
}